account_id,customer_id,account_type,opened_date,account_status
20001,1001,Current,2021-09-27,Active
20002,1001,Current,2024-03-28,Restricted
20003,1001,Current,2025-08-14,Active
20004,1002,Savings,2024-04-01,Restricted
20005,1002,Business,2024-08-20,Restricted
20006,1003,Business,2022-01-02,Restricted
20007,1004,Current,2022-12-05,Active
20008,1005,Current,2023-12-23,Active
20009,1006,Savings,2025-03-08,Active
20010,1006,Current,2025-02-04,Active
20011,1006,Current,2021-01-22,Active
20012,1007,Business,2024-03-08,Restricted
20013,1008,Savings,2021-08-20,Active
20014,1008,Current,2022-01-14,Active
20015,1009,Current,2023-01-25,Active
20016,1009,Current,2020-10-13,Active
20017,1010,Current,2025-12-29,Active
20018,1010,Current,2024-01-17,Active
20019,1011,Savings,2024-09-02,Restricted
20020,1011,Current,2025-05-27,Active
20021,1012,Current,2023-08-10,Restricted
20022,1013,Current,2021-06-13,Active
20023,1014,Savings,2024-01-27,Active
20024,1015,Current,2020-10-19,Active
20025,1016,Current,2022-12-26,Active
20026,1016,Current,2024-06-26,Restricted
20027,1017,Current,2023-04-27,Restricted
20028,1018,Current,2022-02-18,Active
20029,1018,Current,2021-03-14,Active
20030,1019,Current,2020-10-01,Active
20031,1020,Current,2025-01-26,Active
20032,1021,Current,2020-12-07,Restricted
20033,1022,Savings,2022-12-03,Active
20034,1022,Current,2019-09-19,Active
20035,1022,Savings,2023-06-05,Active
20036,1023,Current,2025-10-08,Restricted
20037,1023,Current,2020-01-10,Active
20038,1024,Current,2019-03-23,Active
20039,1025,Savings,2024-07-18,Active
20040,1026,Current,2022-08-31,Active
20041,1027,Savings,2023-07-02,Active
20042,1028,Current,2025-11-10,Active
20043,1028,Current,2025-10-14,Active
20044,1029,Current,2025-04-07,Restricted
20045,1030,Current,2021-11-19,Active
20046,1031,Current,2025-12-05,Active
20047,1032,Current,2025-06-04,Active
20048,1033,Savings,2020-07-06,Active
20049,1033,Current,2022-10-24,Active
20050,1034,Savings,2022-01-08,Restricted
20051,1035,Savings,2020-04-19,Active
20052,1036,Current,2026-01-06,Restricted
20053,1037,Savings,2019-01-22,Active
20054,1038,Current,2023-03-04,Restricted
20055,1039,Current,2023-07-20,Active
20056,1040,Current,2023-07-23,Active
20057,1040,Current,2022-01-28,Active
20058,1041,Current,2020-04-07,Active
20059,1042,Current,2021-06-16,Active
20060,1043,Savings,2022-04-16,Active
20061,1044,Savings,2025-01-24,Active
20062,1045,Current,2020-08-01,Restricted
20063,1045,Savings,2024-06-24,Restricted
20064,1046,Business,2024-02-12,Active
20065,1047,Current,2019-03-31,Active
20066,1048,Savings,2024-05-13,Restricted
20067,1048,Savings,2022-08-18,Active
20068,1049,Current,2021-03-31,Active
20069,1050,Savings,2020-04-14,Active
20070,1051,Current,2020-12-28,Active
20071,1051,Current,2020-09-06,Active
20072,1052,Current,2021-09-14,Active
20073,1052,Business,2022-05-20,Active
20074,1053,Current,2024-03-18,Active
20075,1054,Current,2024-02-12,Active
20076,1055,Savings,2024-08-17,Active
20077,1056,Savings,2023-04-21,Active
20078,1057,Savings,2025-03-01,Active
20079,1058,Current,2024-05-08,Active
20080,1059,Business,2025-03-20,Active
20081,1060,Savings,2021-10-15,Active
20082,1061,Current,2021-12-25,Active
20083,1062,Current,2025-03-06,Active
20084,1063,Business,2020-06-23,Active
20085,1063,Savings,2024-05-26,Active
20086,1064,Current,2025-08-27,Restricted
20087,1065,Savings,2023-04-25,Active
20088,1065,Current,2021-11-22,Active
20089,1066,Business,2020-12-06,Active
20090,1067,Current,2023-09-08,Active
20091,1068,Current,2020-09-03,Active
20092,1068,Savings,2024-09-08,Active
20093,1069,Business,2025-05-20,Active
20094,1069,Savings,2020-10-27,Active
20095,1070,Savings,2019-02-01,Active
20096,1071,Savings,2024-05-10,Active
20097,1071,Current,2023-12-25,Restricted
20098,1072,Current,2023-05-22,Active
20099,1073,Savings,2021-02-08,Restricted
20100,1074,Current,2023-09-26,Active
20101,1074,Current,2021-01-06,Active
20102,1075,Savings,2019-07-14,Restricted
20103,1076,Current,2023-02-05,Active
20104,1077,Current,2024-10-10,Restricted
20105,1078,Current,2025-04-08,Active
20106,1079,Business,2023-03-30,Restricted
20107,1080,Current,2020-12-10,Restricted
20108,1080,Current,2024-02-04,Active
20109,1080,Savings,2022-05-04,Active
20110,1081,Current,2019-01-03,Active
20111,1082,Savings,2021-05-30,Active
20112,1083,Current,2021-12-23,Active
20113,1084,Current,2025-01-17,Active
20114,1085,Current,2025-05-22,Active
20115,1086,Current,2019-08-07,Restricted
20116,1087,Savings,2025-12-01,Active
20117,1088,Current,2024-08-31,Restricted
20118,1089,Current,2020-12-19,Active
20119,1090,Current,2025-03-05,Active
20120,1091,Current,2020-03-09,Active
20121,1092,Business,2020-06-14,Restricted
20122,1092,Current,2020-05-13,Restricted
20123,1093,Current,2021-12-29,Active
20124,1094,Current,2022-02-04,Active
20125,1094,Current,2022-06-01,Restricted
20126,1095,Business,2022-02-10,Restricted
20127,1095,Savings,2026-01-20,Active
20128,1096,Current,2023-03-28,Restricted
20129,1097,Savings,2026-01-19,Active
20130,1097,Savings,2023-07-17,Active
20131,1098,Savings,2021-11-12,Active
20132,1099,Savings,2022-08-29,Active
20133,1100,Current,2021-12-15,Restricted
20134,1101,Current,2021-04-14,Active
20135,1102,Savings,2025-07-03,Active
20136,1103,Current,2025-12-29,Active
20137,1104,Current,2020-06-15,Active
20138,1105,Current,2024-11-07,Active
20139,1106,Current,2021-05-01,Active
20140,1106,Current,2026-02-08,Active
20141,1107,Business,2021-07-06,Restricted
20142,1108,Current,2024-01-27,Restricted
20143,1109,Current,2022-08-31,Active
20144,1109,Current,2023-02-16,Active
20145,1110,Current,2021-07-05,Restricted
20146,1110,Current,2021-11-21,Active
20147,1110,Business,2021-04-13,Active
20148,1111,Savings,2019-06-25,Active
20149,1112,Current,2022-12-16,Active
20150,1113,Current,2020-05-10,Active
20151,1114,Current,2021-11-26,Restricted
20152,1115,Current,2019-04-20,Active
20153,1115,Current,2022-11-20,Active
20154,1116,Savings,2024-03-27,Active
20155,1117,Current,2025-04-05,Active
20156,1118,Current,2020-05-29,Active
20157,1119,Business,2022-01-16,Active
20158,1119,Savings,2019-01-09,Restricted
20159,1120,Current,2023-02-04,Active
20160,1120,Current,2019-01-21,Active
20161,1121,Current,2023-03-18,Restricted
20162,1122,Savings,2025-03-15,Restricted
20163,1122,Current,2021-11-08,Active
20164,1123,Savings,2019-06-16,Restricted
20165,1124,Business,2024-10-22,Active
20166,1124,Savings,2020-12-13,Active
20167,1125,Current,2024-03-05,Active
20168,1126,Savings,2024-11-01,Active
20169,1127,Business,2025-11-17,Active
20170,1128,Current,2023-08-21,Active
20171,1129,Current,2020-11-04,Restricted
20172,1130,Current,2022-07-03,Restricted
20173,1131,Savings,2024-04-14,Active
20174,1132,Savings,2023-03-31,Restricted
20175,1132,Current,2021-12-06,Active
20176,1133,Savings,2022-05-23,Active
20177,1133,Current,2025-11-07,Active
20178,1134,Current,2024-12-22,Active
20179,1135,Current,2025-11-09,Active
20180,1136,Current,2025-05-17,Active
20181,1136,Savings,2023-07-17,Active
20182,1137,Business,2022-02-02,Restricted
20183,1138,Savings,2019-07-30,Active
20184,1139,Business,2025-12-01,Active
20185,1140,Current,2022-04-05,Active
20186,1141,Savings,2023-09-28,Active
20187,1141,Savings,2020-05-09,Active
20188,1142,Current,2020-06-15,Active
20189,1143,Savings,2021-04-23,Active
20190,1143,Business,2023-09-20,Restricted
20191,1144,Business,2021-11-17,Active
20192,1145,Current,2020-03-31,Active
20193,1146,Savings,2025-12-01,Active
20194,1146,Savings,2022-01-03,Restricted
20195,1147,Business,2021-06-20,Restricted
20196,1148,Current,2019-10-25,Active
20197,1148,Current,2021-05-18,Active
20198,1149,Current,2023-11-04,Active
20199,1149,Current,2022-06-25,Restricted
20200,1150,Current,2024-03-18,Active
20201,1151,Current,2025-04-08,Active
20202,1152,Savings,2022-01-29,Active
20203,1153,Current,2024-06-08,Active
20204,1153,Business,2020-06-21,Restricted
20205,1154,Current,2021-05-16,Active
20206,1154,Business,2019-11-23,Restricted
20207,1155,Current,2023-09-23,Active
20208,1155,Savings,2021-11-12,Active
20209,1156,Current,2025-11-20,Active
20210,1156,Current,2020-07-11,Restricted
20211,1157,Savings,2020-12-18,Active
20212,1158,Business,2023-11-06,Active
20213,1159,Savings,2024-06-04,Active
20214,1159,Current,2022-08-06,Active
20215,1159,Savings,2021-03-04,Restricted
20216,1160,Current,2020-10-26,Active
20217,1160,Savings,2020-09-20,Active
20218,1161,Current,2019-01-15,Active
20219,1161,Current,2019-04-18,Active
20220,1162,Current,2022-01-08,Active
20221,1163,Current,2019-05-29,Active
20222,1164,Current,2019-06-21,Active
20223,1165,Savings,2025-04-07,Active
20224,1166,Savings,2019-02-02,Restricted
20225,1167,Current,2019-05-16,Active
20226,1168,Business,2026-02-06,Active
20227,1169,Business,2024-06-17,Active
20228,1170,Current,2019-02-24,Active
20229,1171,Current,2022-06-13,Active
20230,1172,Current,2025-05-14,Active
20231,1172,Current,2022-07-02,Active
20232,1173,Current,2025-12-12,Active
20233,1174,Current,2019-08-24,Restricted
20234,1175,Current,2024-12-22,Active
20235,1176,Current,2021-08-22,Active
20236,1177,Savings,2019-08-19,Active
20237,1177,Current,2020-11-10,Restricted
20238,1178,Current,2019-04-09,Active
20239,1179,Current,2020-05-27,Restricted
20240,1180,Savings,2025-03-16,Active
20241,1181,Business,2023-09-09,Active
20242,1182,Current,2023-12-24,Restricted
20243,1182,Savings,2022-05-02,Active
20244,1182,Current,2020-10-11,Active
20245,1183,Business,2024-02-10,Active
20246,1184,Savings,2021-03-11,Active
20247,1185,Current,2022-07-31,Active
20248,1185,Current,2023-09-13,Active
20249,1186,Current,2019-02-28,Restricted
20250,1186,Savings,2025-11-21,Active
20251,1187,Current,2020-06-20,Restricted
20252,1188,Current,2022-04-20,Active
20253,1188,Savings,2025-09-11,Active
20254,1189,Current,2019-02-03,Active
20255,1190,Current,2022-12-27,Active
20256,1191,Current,2020-06-22,Restricted
20257,1192,Current,2020-12-04,Restricted
20258,1193,Savings,2024-02-06,Active
20259,1194,Business,2021-06-29,Active
20260,1195,Current,2019-10-08,Active
20261,1196,Savings,2021-08-08,Active
20262,1197,Current,2023-05-19,Active
20263,1197,Savings,2023-02-02,Restricted
20264,1198,Business,2022-04-23,Restricted
20265,1199,Savings,2024-02-20,Active
20266,1199,Current,2019-11-18,Active
20267,1200,Business,2024-04-09,Active
20268,1201,Current,2021-05-10,Active
20269,1202,Savings,2023-05-01,Active
20270,1203,Current,2021-02-14,Active
20271,1203,Current,2023-08-25,Restricted
20272,1204,Savings,2019-08-25,Active
20273,1204,Current,2023-02-16,Active
20274,1204,Savings,2025-02-20,Active
20275,1205,Current,2025-07-09,Active
20276,1206,Business,2024-07-13,Active
20277,1206,Savings,2024-08-22,Active
20278,1207,Current,2024-01-10,Restricted
20279,1208,Current,2023-08-02,Active
20280,1208,Current,2025-08-02,Active
20281,1209,Business,2023-10-21,Active
20282,1209,Current,2021-03-18,Active
20283,1210,Current,2025-03-28,Active
20284,1210,Current,2021-08-24,Active
20285,1211,Savings,2020-11-01,Active
20286,1212,Current,2022-02-20,Active
20287,1213,Business,2024-07-23,Active
20288,1213,Savings,2020-11-03,Active
20289,1214,Current,2020-09-10,Restricted
20290,1215,Current,2025-08-06,Active
20291,1216,Savings,2021-11-19,Active
20292,1216,Current,2020-03-16,Active
20293,1217,Current,2020-07-17,Restricted
20294,1218,Current,2026-01-16,Active
20295,1219,Current,2022-05-22,Restricted
20296,1219,Current,2022-06-29,Active
20297,1220,Current,2025-03-13,Active
20298,1220,Current,2021-05-15,Active
20299,1221,Savings,2019-06-24,Restricted
20300,1221,Current,2023-12-23,Active
20301,1222,Business,2022-05-18,Active
20302,1223,Current,2021-02-21,Active
20303,1223,Current,2025-06-02,Active
20304,1224,Current,2019-05-07,Active
20305,1225,Savings,2019-10-18,Active
20306,1226,Current,2025-07-08,Restricted
20307,1227,Current,2024-08-09,Restricted
20308,1228,Current,2019-04-09,Active
20309,1229,Current,2026-02-12,Active
20310,1230,Current,2020-10-12,Restricted
20311,1231,Current,2023-10-24,Active
20312,1232,Current,2024-03-11,Restricted
20313,1232,Current,2022-04-13,Active
20314,1233,Current,2019-08-21,Active
20315,1233,Savings,2022-03-20,Restricted
20316,1234,Current,2025-02-04,Active
20317,1235,Current,2024-06-01,Restricted
20318,1236,Current,2024-12-02,Active
20319,1237,Savings,2025-10-23,Active
20320,1237,Current,2021-05-07,Restricted
20321,1237,Savings,2019-03-31,Restricted
20322,1238,Business,2023-05-25,Active
20323,1239,Current,2026-01-18,Restricted
20324,1240,Current,2021-07-10,Active
20325,1241,Current,2025-02-22,Active
20326,1241,Business,2019-09-22,Restricted
20327,1241,Current,2024-12-04,Active
20328,1242,Savings,2025-12-25,Active
20329,1243,Current,2024-01-11,Active
20330,1244,Current,2019-04-11,Restricted
20331,1244,Current,2024-07-06,Active
20332,1245,Savings,2020-11-28,Active
20333,1245,Current,2025-05-14,Active
20334,1246,Current,2025-12-30,Active
20335,1247,Business,2025-06-28,Active
20336,1248,Savings,2019-04-28,Active
20337,1249,Current,2025-07-22,Active
20338,1249,Current,2019-09-17,Restricted
20339,1250,Current,2024-11-30,Active
20340,1250,Business,2020-09-09,Active
20341,1251,Savings,2021-10-02,Active
20342,1252,Current,2022-10-18,Active
20343,1252,Current,2024-10-18,Active
20344,1253,Current,2021-05-02,Restricted
20345,1254,Current,2021-03-06,Active
20346,1255,Savings,2024-03-25,Restricted
20347,1256,Current,2025-01-03,Active
20348,1257,Current,2020-05-20,Active
20349,1258,Current,2022-04-10,Active
20350,1259,Savings,2022-01-27,Active
20351,1259,Current,2023-02-15,Restricted
20352,1260,Current,2020-10-24,Restricted
20353,1261,Current,2024-11-10,Active
20354,1261,Savings,2024-10-17,Active
20355,1262,Current,2020-06-02,Active
20356,1263,Savings,2022-07-24,Restricted
20357,1264,Current,2025-03-12,Active
20358,1265,Current,2025-06-27,Active
20359,1265,Current,2023-06-10,Active
20360,1266,Current,2021-01-25,Active
20361,1266,Current,2019-03-21,Active
20362,1266,Current,2026-01-30,Active
20363,1267,Current,2024-11-30,Restricted
20364,1268,Current,2024-01-15,Active
20365,1268,Current,2022-12-18,Active
20366,1269,Current,2023-05-28,Restricted
20367,1269,Current,2020-02-23,Active
20368,1270,Savings,2024-11-05,Active
20369,1271,Current,2024-06-08,Active
20370,1272,Current,2019-06-23,Active
20371,1273,Savings,2022-10-08,Active
20372,1273,Current,2020-03-22,Restricted
20373,1274,Current,2020-03-03,Active
20374,1274,Business,2026-01-06,Active
20375,1275,Savings,2026-01-11,Active
20376,1276,Current,2022-07-24,Restricted
20377,1277,Current,2019-11-03,Active
20378,1277,Business,2019-07-06,Restricted
20379,1278,Savings,2019-08-16,Active
20380,1279,Current,2025-02-22,Active
20381,1279,Current,2025-05-27,Active
20382,1279,Current,2021-01-14,Restricted
20383,1280,Savings,2021-10-11,Active
20384,1281,Current,2025-09-28,Restricted
20385,1282,Current,2025-04-15,Active
20386,1282,Current,2020-08-27,Restricted
20387,1283,Current,2022-06-04,Active
20388,1283,Current,2019-06-20,Restricted
20389,1284,Current,2021-02-15,Active
20390,1285,Current,2020-11-01,Active
20391,1285,Current,2021-10-06,Active
20392,1286,Current,2024-12-27,Active
20393,1287,Current,2021-04-19,Active
20394,1288,Savings,2021-05-06,Active
20395,1288,Current,2024-07-20,Active
20396,1289,Current,2020-11-01,Active
20397,1290,Current,2023-08-21,Restricted
20398,1291,Current,2021-05-01,Active
20399,1292,Current,2023-02-22,Restricted
20400,1293,Savings,2019-01-31,Restricted
20401,1294,Savings,2024-04-17,Active
20402,1294,Current,2022-07-28,Active
20403,1295,Current,2020-08-02,Restricted
20404,1296,Current,2019-07-05,Active
20405,1296,Current,2022-04-08,Restricted
20406,1297,Current,2022-01-10,Restricted
20407,1297,Business,2020-11-20,Active
20408,1298,Savings,2025-04-06,Active
20409,1299,Current,2022-07-13,Restricted
20410,1300,Current,2020-11-09,Restricted
20411,1301,Current,2025-12-10,Active
20412,1302,Current,2021-07-09,Restricted
20413,1303,Current,2024-06-12,Active
20414,1304,Current,2025-10-20,Restricted
20415,1304,Current,2020-07-04,Active
20416,1305,Savings,2026-01-02,Active
20417,1306,Business,2023-11-21,Active
20418,1306,Savings,2025-03-19,Active
20419,1307,Savings,2019-09-21,Active
20420,1308,Savings,2023-05-11,Active
20421,1309,Savings,2020-09-30,Active
20422,1309,Current,2023-02-20,Active
20423,1310,Business,2021-02-11,Active
20424,1311,Current,2024-06-27,Active
20425,1312,Current,2019-03-22,Active
20426,1313,Current,2023-07-27,Active
20427,1313,Business,2021-02-04,Active
20428,1314,Current,2020-09-27,Restricted
20429,1315,Savings,2019-08-04,Active
20430,1316,Business,2020-07-12,Restricted
20431,1317,Savings,2021-07-17,Restricted
20432,1318,Current,2019-09-08,Active
20433,1319,Current,2021-08-08,Active
20434,1320,Savings,2019-04-13,Active
20435,1321,Current,2023-07-26,Restricted
20436,1322,Savings,2021-04-14,Active
20437,1323,Savings,2023-06-24,Active
20438,1324,Current,2020-05-11,Restricted
20439,1325,Current,2023-03-09,Active
20440,1326,Current,2023-02-21,Active
20441,1327,Current,2022-04-20,Restricted
20442,1328,Business,2021-06-19,Active
20443,1329,Business,2019-12-01,Restricted
20444,1330,Savings,2025-09-09,Active
20445,1330,Current,2019-02-20,Active
20446,1331,Current,2019-03-21,Restricted
20447,1332,Savings,2022-10-20,Active
20448,1332,Current,2022-08-03,Active
20449,1333,Business,2022-06-26,Active
20450,1334,Current,2024-05-17,Active
20451,1335,Current,2019-03-13,Active
20452,1336,Current,2024-08-01,Active
20453,1337,Current,2019-01-09,Active
20454,1338,Business,2021-08-14,Active
20455,1339,Savings,2021-11-29,Active
20456,1340,Business,2022-11-05,Active
20457,1341,Current,2019-10-09,Active
20458,1342,Current,2025-07-23,Active
20459,1343,Current,2021-04-22,Restricted
20460,1343,Current,2024-12-08,Active
20461,1344,Savings,2020-05-24,Restricted
20462,1345,Current,2021-07-06,Active
20463,1346,Savings,2022-01-09,Active
20464,1346,Current,2019-12-02,Active
20465,1347,Savings,2025-11-13,Restricted
20466,1348,Savings,2024-12-09,Active
20467,1349,Current,2021-02-14,Restricted
20468,1349,Current,2022-07-23,Restricted
20469,1350,Current,2022-09-06,Active
20470,1351,Current,2022-03-03,Active
20471,1351,Current,2024-06-11,Active
20472,1351,Current,2019-09-09,Restricted
20473,1352,Current,2023-11-04,Active
20474,1352,Current,2024-04-09,Active
20475,1353,Current,2025-04-29,Restricted
20476,1354,Savings,2020-06-06,Active
20477,1355,Current,2025-05-04,Active
20478,1356,Business,2025-07-27,Active
20479,1357,Current,2019-11-30,Active
20480,1358,Savings,2024-03-08,Active
20481,1358,Business,2019-09-30,Active
20482,1359,Savings,2025-11-22,Active
20483,1360,Savings,2020-07-17,Active
20484,1361,Savings,2025-02-27,Active
20485,1362,Current,2019-05-21,Active
20486,1363,Savings,2022-04-07,Restricted
20487,1363,Current,2023-02-06,Active
20488,1364,Current,2019-08-22,Active
20489,1365,Current,2021-05-05,Active
20490,1366,Business,2022-05-14,Active
20491,1366,Current,2021-10-04,Restricted
20492,1367,Savings,2019-01-24,Active
20493,1368,Current,2021-12-30,Active
20494,1368,Current,2020-11-23,Active
20495,1369,Current,2019-05-08,Active
20496,1369,Current,2021-06-08,Active
20497,1370,Current,2021-03-25,Restricted
20498,1371,Current,2019-12-13,Active
20499,1371,Current,2022-03-09,Active
20500,1372,Current,2022-06-04,Active
20501,1372,Current,2024-02-12,Restricted
20502,1373,Current,2019-11-19,Active
20503,1374,Current,2025-11-19,Active
20504,1375,Savings,2023-11-24,Active
20505,1375,Current,2021-12-14,Restricted
20506,1376,Current,2022-11-27,Active
20507,1377,Current,2024-04-22,Active
20508,1377,Current,2021-09-16,Restricted
20509,1378,Business,2025-07-27,Restricted
20510,1378,Current,2024-05-21,Active
20511,1378,Business,2019-02-21,Active
20512,1379,Savings,2024-05-18,Restricted
20513,1380,Savings,2026-01-11,Restricted
20514,1381,Current,2023-03-22,Active
20515,1382,Current,2024-06-16,Active
20516,1383,Savings,2025-01-21,Active
20517,1384,Savings,2023-03-17,Active
20518,1385,Current,2023-06-28,Active
20519,1385,Current,2024-05-25,Active
20520,1385,Current,2021-09-13,Active
20521,1386,Current,2020-05-20,Restricted
20522,1387,Current,2019-05-19,Active
20523,1388,Current,2025-03-14,Active
20524,1388,Savings,2024-06-15,Active
20525,1389,Current,2023-04-27,Restricted
20526,1389,Current,2021-07-21,Active
20527,1390,Current,2020-11-11,Active
20528,1390,Current,2025-11-29,Active
20529,1391,Current,2019-12-12,Active
20530,1392,Savings,2024-08-26,Restricted
20531,1392,Current,2020-01-18,Active
20532,1393,Current,2023-08-29,Active
20533,1394,Savings,2019-04-23,Active
20534,1394,Current,2023-10-27,Active
20535,1395,Current,2020-05-19,Active
20536,1396,Current,2019-11-27,Restricted
20537,1397,Current,2025-12-07,Restricted
20538,1398,Current,2020-10-28,Active
20539,1399,Current,2021-06-04,Active
20540,1400,Current,2022-12-10,Active
20541,1401,Current,2022-02-14,Active
20542,1402,Savings,2021-04-02,Active
20543,1402,Current,2021-09-07,Active
20544,1402,Current,2022-11-10,Active
20545,1403,Current,2022-01-20,Active
20546,1404,Savings,2019-12-11,Active
20547,1405,Current,2020-01-29,Active
20548,1406,Savings,2020-07-16,Restricted
20549,1407,Savings,2024-12-30,Restricted
20550,1408,Current,2020-05-19,Active
20551,1409,Savings,2024-01-28,Active
20552,1410,Current,2022-07-01,Active
20553,1410,Savings,2020-02-04,Active
20554,1411,Current,2021-01-28,Restricted
20555,1412,Savings,2023-07-20,Active
20556,1413,Current,2023-01-31,Restricted
20557,1414,Business,2024-05-25,Active
20558,1415,Business,2023-08-21,Active
20559,1416,Current,2025-02-28,Restricted
20560,1417,Savings,2025-07-20,Active
20561,1418,Current,2024-05-01,Restricted
20562,1419,Current,2020-02-18,Active
20563,1420,Current,2020-01-01,Active
20564,1421,Current,2023-05-13,Restricted
20565,1422,Current,2023-07-11,Active
20566,1423,Business,2021-07-20,Active
20567,1423,Current,2024-03-01,Active
20568,1424,Current,2024-02-04,Active
20569,1424,Current,2021-09-30,Active
20570,1425,Current,2022-01-09,Active
20571,1426,Savings,2021-08-08,Active
20572,1427,Business,2026-01-28,Active
20573,1428,Current,2025-02-18,Active
20574,1428,Current,2023-11-23,Active
20575,1429,Current,2022-12-31,Active
20576,1430,Savings,2024-10-30,Active
20577,1431,Current,2021-08-03,Restricted
20578,1432,Current,2020-09-07,Active
20579,1433,Savings,2020-12-22,Active
20580,1434,Current,2019-12-28,Active
20581,1434,Current,2024-03-26,Active
20582,1435,Current,2024-06-11,Active
20583,1436,Current,2022-04-03,Active
20584,1437,Current,2025-10-23,Active
20585,1438,Business,2024-04-03,Restricted
20586,1438,Business,2025-11-29,Active
20587,1439,Current,2022-01-24,Active
20588,1440,Savings,2021-04-10,Active
20589,1440,Current,2024-07-13,Active
20590,1441,Current,2025-01-11,Active
20591,1442,Savings,2020-11-09,Restricted
20592,1442,Current,2020-11-04,Active
20593,1443,Current,2022-06-22,Restricted
20594,1443,Current,2020-04-23,Active
20595,1444,Savings,2021-01-07,Active
20596,1444,Current,2021-03-05,Active
20597,1445,Savings,2019-09-12,Active
20598,1445,Current,2024-10-13,Active
20599,1445,Current,2024-04-02,Restricted
20600,1446,Current,2021-02-18,Active
20601,1447,Current,2020-05-01,Active
20602,1448,Current,2019-10-26,Restricted
20603,1449,Business,2023-07-28,Active
20604,1450,Current,2021-04-13,Active
20605,1450,Savings,2019-02-23,Restricted
20606,1451,Savings,2019-11-08,Active
20607,1452,Business,2019-11-05,Active
20608,1453,Current,2021-07-24,Active
20609,1454,Savings,2025-04-09,Active
20610,1455,Current,2021-04-04,Active
20611,1456,Current,2023-11-09,Active
20612,1456,Current,2022-10-06,Active
20613,1456,Savings,2020-07-29,Active
20614,1457,Business,2023-04-03,Active
20615,1458,Current,2025-02-22,Active
20616,1458,Savings,2023-07-10,Restricted
20617,1459,Savings,2024-05-26,Active
20618,1460,Current,2025-04-17,Active
20619,1460,Current,2023-10-01,Active
20620,1461,Current,2020-04-10,Active
20621,1461,Current,2025-06-05,Active
20622,1462,Savings,2024-11-13,Active
20623,1463,Current,2020-07-15,Active
20624,1463,Savings,2019-06-21,Active
20625,1463,Savings,2024-11-03,Active
20626,1464,Current,2023-05-21,Active
20627,1465,Savings,2022-08-22,Active
20628,1465,Current,2021-04-27,Active
20629,1466,Savings,2026-01-14,Active
20630,1466,Current,2019-03-15,Restricted
20631,1467,Business,2019-11-06,Restricted
20632,1468,Savings,2021-08-06,Active
20633,1469,Current,2024-11-30,Active
20634,1470,Current,2020-06-12,Active
20635,1471,Savings,2023-01-17,Active
20636,1472,Savings,2019-03-08,Active
20637,1472,Current,2022-12-09,Active
20638,1472,Current,2023-07-17,Active
20639,1473,Current,2020-01-15,Active
20640,1474,Business,2020-08-15,Active
20641,1474,Current,2019-07-03,Active
20642,1474,Savings,2020-10-24,Active
20643,1475,Savings,2024-10-03,Active
20644,1475,Current,2023-10-26,Restricted
20645,1476,Current,2024-12-05,Active
20646,1477,Current,2025-07-11,Restricted
20647,1478,Current,2025-04-28,Active
20648,1479,Savings,2022-07-13,Active
20649,1480,Savings,2019-04-08,Active
20650,1480,Savings,2021-11-27,Active
20651,1481,Current,2019-04-16,Active
20652,1481,Current,2020-05-30,Active
20653,1482,Current,2021-07-31,Active
20654,1483,Business,2025-02-17,Active
20655,1484,Savings,2023-10-15,Restricted
20656,1485,Savings,2025-12-05,Active
20657,1485,Current,2021-04-28,Active
20658,1486,Current,2022-01-15,Active
20659,1487,Current,2019-02-07,Active
20660,1488,Savings,2023-07-25,Active
20661,1489,Current,2025-04-11,Active
20662,1490,Current,2019-07-08,Restricted
20663,1490,Current,2022-10-01,Active
20664,1491,Savings,2025-05-25,Active
20665,1491,Current,2025-01-10,Active
20666,1492,Current,2022-04-04,Active
20667,1493,Business,2024-10-21,Restricted
20668,1493,Current,2020-04-30,Active
20669,1494,Savings,2023-01-28,Active
20670,1495,Current,2022-10-27,Active
20671,1496,Current,2019-12-23,Restricted
20672,1497,Business,2022-05-13,Active
20673,1498,Savings,2020-04-03,Active
20674,1499,Current,2025-07-25,Active
20675,1500,Current,2024-11-30,Restricted
